ticket_id,incident_id
A05,INC-2026-0519
A09,INC-2026-0905
H07,INC-2026-0603
N01,INC-2026-0412
N05,INC-2026-0412
N07,INC-2026-0822
N10,INC-2026-0412
S03,INC-2026-0711
A12,INC-2026-0905
A19,INC-2026-0519
A21,INC-2026-0519
A22,INC-2026-0905
A26,INC-2026-0905
A33,INC-2026-0519
A36,INC-2026-0905
A38,INC-2026-0905
A43,INC-2026-0519
A44,INC-2026-0519
A45,INC-2026-0905
A48,INC-2026-0905
A51,INC-2026-0519
A53,INC-2026-0519
A58,INC-2026-0519
A77,INC-2026-0519
A83,INC-2026-0519
A84,INC-2026-0519
A86,INC-2026-0905
A90,INC-2026-0519
A91,INC-2026-0519
A94,INC-2026-0905
A98,INC-2026-0905
A100,INC-2026-0519
H26,INC-2026-0603
H45,INC-2026-0603
H51,INC-2026-0603
H59,INC-2026-0603
H83,INC-2026-0603
H90,INC-2026-0603
H100,INC-2026-0603
N13,INC-2026-0412
N18,INC-2026-0822
N23,INC-2026-0822
N25,INC-2026-0412
N33,INC-2026-0822
N34,INC-2026-0412
N38,INC-2026-0822
N39,INC-2026-0822
N42,INC-2026-0412
N46,INC-2026-0822
N48,INC-2026-0412
N52,INC-2026-0822
N55,INC-2026-0822
N57,INC-2026-0412
N64,INC-2026-0822
N67,INC-2026-0822
N76,INC-2026-0822
N82,INC-2026-0822
N84,INC-2026-0822
N87,INC-2026-0822
N89,INC-2026-0822
N99,INC-2026-0822
N100,INC-2026-0822
S33,INC-2026-0711
S35,INC-2026-0711
S43,INC-2026-0711
S45,INC-2026-0711
S53,INC-2026-0711
S68,INC-2026-0711
S69,INC-2026-0711
S72,INC-2026-0711
S76,INC-2026-0711
S80,INC-2026-0711
S88,INC-2026-0711
